review_id,session,identity_status,configuration_status,manual_review_scope,authoritative_backend,mne_preservation_checks,file_hash_vhdr,file_hash_eeg,file_hash_vmrk,sample_count,duration_seconds,sampling_rate_hz,binary_format,channel_headers,channel_units,channel_resolutions,marker_count,marker_sequence_hash,relative_marker_sequence_hash,event_code,event_count,block_count,events_per_block,median_iei_seconds,minimum_iei_seconds,maximum_iei_seconds,median_reversal_rate_hz,iei_cv
RV-734515AF,SESSION_01,UNRESOLVED,VERIFIED,IN_SCOPE,mne.io.read_raw_brainvision,"{""sample_count_preserved"": true, ""sampling_rate_preserved"": true, ""channel_names_preserved"": true, ""annotations_preserved"": true, ""checkerboard_event_code_preserved"": true, ""all_preserved"": true}",9a3d19909ad5e2b9793b927f5640b68bcd8cbe5e687782e67b69b474ae1edb9e,5a07359f7a507a9767f5b7b51ccd00de50cbb6fa68a88329608d8a88b7995653,fbe476795cf440f25e03c42cde2f193a9f9d04d349f85e34f38f84ea977c862a,372300,372.3,1000.0,INT_16,1|2|3|4|5|6|7|8|9|10|11,µV|µV|µV|µV|µV|µV|µV|µV|µV|µV|µV,0.1|0.1|0.1|0.1|0.1|0.1|0.1|0.1|0.1|0.1|0.1,68,65539ddea372472b0255ba9268a4610d0dc6a8d9c612b4947982c0d755c3f6e7,65539ddea372472b0255ba9268a4610d0dc6a8d9c612b4947982c0d755c3f6e7,S  7,60,3,20|20|20,0.615,0.589,0.645,1.6260162601626016,0.020359018510242678
RV-BA552A8A,SESSION_01,UNRESOLVED,VERIFIED,IN_SCOPE,mne.io.read_raw_brainvision,"{""sample_count_preserved"": true, ""sampling_rate_preserved"": true, ""channel_names_preserved"": true, ""annotations_preserved"": true, ""checkerboard_event_code_preserved"": true, ""all_preserved"": true}",80daf1caaa964fe85f50f6752b20a7d633c03d1d3dbfbc012d025113551decff,0e438b081308cd127409ae17d19ef11060301ca1dd422d954603e9d6be6511d4,5a787799e4cf84b1079a365d358e537f769cfabfe7d5dc4984b1519e81804e4d,522440,522.44,1000.0,INT_16,1|2|3|4|5|6|7|8|9|10|11,µV|µV|µV|µV|µV|µV|µV|µV|µV|µV|µV,0.1|0.1|0.1|0.1|0.1|0.1|0.1|0.1|0.1|0.1|0.1,68,0647dd30b48fbfee2b3988d8208b4952b8f722ea0c868e063d99187dcae271aa,0647dd30b48fbfee2b3988d8208b4952b8f722ea0c868e063d99187dcae271aa,S  7,60,3,20|20|20,0.607,0.572,0.656,1.6474464579901154,0.03146912203992545
RV-B458EA87,SESSION_01,UNRESOLVED,UNRESOLVED,INTEGRITY_ONLY,mne.io.read_raw_brainvision,"{""sample_count_preserved"": true, ""sampling_rate_preserved"": true, ""channel_names_preserved"": true, ""annotations_preserved"": true, ""checkerboard_event_code_preserved"": true, ""all_preserved"": true}",23810bfa317da2f8ce427b207180d5e71be3de789451fef7bbc9ddb612c7aa7a,24deb69695e68e46c4b569d4cb012b167b65538ae2b0ad7cffcfd521f22a145e,cbd77f53c1c4469df3eed80517eb9ed1f6a9b3bf5c219544b1624b8cd51dd9d2,644680,644.68,1000.0,INT_16,1|2|3|4|5|6|7|8|9,µV|µV|µV|µV|µV|µV|µV|µV|µV,0.1|0.1|0.1|0.1|0.1|0.1|0.1|0.1|0.1,40,a1d3f7a207e6a8e1e2660abb7e343f2d648990e762dda2017c1a2ce019894e18,a1d3f7a207e6a8e1e2660abb7e343f2d648990e762dda2017c1a2ce019894e18,S  7,30,2,10|20,0.5634999999999999,0.554,0.596,1.7746228926353154,0.013929135417416255
RV-D2724CBE,SESSION_01,UNRESOLVED,VERIFIED,INTEGRITY_ONLY,mne.io.read_raw_brainvision,"{""sample_count_preserved"": true, ""sampling_rate_preserved"": true, ""channel_names_preserved"": true, ""annotations_preserved"": true, ""checkerboard_event_code_preserved"": true, ""all_preserved"": true}",452532087dd933876e9ba21a44f24fbb35e62ef26a63c27ad89563cea015de1e,77042b373d44e996dabf1c9ba1ba7f0c8d1c61963b69f190e8c199c7a9d1c0f8,26e23a19b2a0085602e7243d43dbbc6b395ef2d16e9bca56a5743819da518f62,263220,263.22,1000.0,INT_16,1|2|3|4|5|6|7|8|9|10|11,µV|µV|µV|µV|µV|µV|µV|µV|µV|µV|µV,0.1|0.1|0.1|0.1|0.1|0.1|0.1|0.1|0.1|0.1|0.1,51,9078b47490c5773a4075d5555fda415d0e5968528d811179be77082557a3e4b5,9078b47490c5773a4075d5555fda415d0e5968528d811179be77082557a3e4b5,S  7,50,5,10|10|10|10|10,0.593,0.559,0.635,1.6863406408094437,0.03347047704940958
RV-BA1B59BC,SESSION_01,UNRESOLVED,VERIFIED,IN_SCOPE,mne.io.read_raw_brainvision,"{""sample_count_preserved"": true, ""sampling_rate_preserved"": true, ""channel_names_preserved"": true, ""annotations_preserved"": true, ""checkerboard_event_code_preserved"": true, ""all_preserved"": true}",5bfaaef3f4281a8d0609b5f354f9b9c5042ce017997e120e4869e9f3560a0d2a,b413a35e6ab7da93215e315f726757e9749acc8db241ff0a52683a9824174bf9,2efb3395731e825ad680494ac988240ef1950f79b0028b28e0a2a69928ad6900,375720,375.72,1000.0,INT_16,1|2|3|4|5|6|7|8|9|10|11,µV|µV|µV|µV|µV|µV|µV|µV|µV|µV|µV,0.1|0.1|0.1|0.1|0.1|0.1|0.1|0.1|0.1|0.1|0.1,68,8e41e763ff60c2616fa79d31ea9050133eb8712bc0cb9ddf136485c77b94d616,8e41e763ff60c2616fa79d31ea9050133eb8712bc0cb9ddf136485c77b94d616,S  7,60,3,20|20|20,0.618,0.577,0.662,1.6181229773462784,0.032201440175348955
RV-2DE5DCEC,SESSION_01,UNRESOLVED,VERIFIED,IN_SCOPE,mne.io.read_raw_brainvision,"{""sample_count_preserved"": true, ""sampling_rate_preserved"": true, ""channel_names_preserved"": true, ""annotations_preserved"": true, ""checkerboard_event_code_preserved"": true, ""all_preserved"": true}",57d332b01ad02dadc7a062ea4f1327903dd74b16491ef425e218b0c12cd90987,d4ee2f5c28833c13a8d16269064b88a1a6dcdc83226f4775494c0e121bb29731,d4ed0e4afa34fc0725e84964ff6fb9b1d7eace5e6cfc1a4e9acd8c1d78807cff,421820,421.82,1000.0,INT_16,1|2|3|4|5|6|7|8|9|10|11,µV|µV|µV|µV|µV|µV|µV|µV|µV|µV|µV,0.1|0.1|0.1|0.1|0.1|0.1|0.1|0.1|0.1|0.1|0.1,88,9ee27e5348fe771150689f5d9b547dfd109491b1c0c5128b408b3bc52f54d990,9ee27e5348fe771150689f5d9b547dfd109491b1c0c5128b408b3bc52f54d990,S  7,80,4,20|20|20|20,0.605,0.575,0.642,1.6528925619834711,0.02100208082249483
RV-D8C9B34D,SESSION_01,UNRESOLVED,VERIFIED,IN_SCOPE,mne.io.read_raw_brainvision,"{""sample_count_preserved"": true, ""sampling_rate_preserved"": true, ""channel_names_preserved"": true, ""annotations_preserved"": true, ""checkerboard_event_code_preserved"": true, ""all_preserved"": true}",a6152b8f1a9187b47c595dfc00b84b65fc07ff455a2f74b5e07cc61a7fb9d3ed,7d6d2ea960a81cebdbbca6e867b3f9ba32660d1c2fa271fc3497146a20371aa1,422b147f440d7cf96c7d9e4c9340e5b60db5b86ffe0dd047035e0aae50cf9cb8,340740,340.74,1000.0,INT_16,1|2|3|4|5|6|7|8|9|10|11,µV|µV|µV|µV|µV|µV|µV|µV|µV|µV|µV,0.1|0.1|0.1|0.1|0.1|0.1|0.1|0.1|0.1|0.1|0.1,48,85a22fffb97b2b0d7aa4a20fe3e72a9d1a39b37399c0fd4f3290fa2f1ab550cf,85a22fffb97b2b0d7aa4a20fe3e72a9d1a39b37399c0fd4f3290fa2f1ab550cf,S  7,40,2,20|20,0.56,0.552,0.571,1.7857142857142856,0.009302122870992828
RV-B041675C,SESSION_01,UNRESOLVED,VERIFIED,IN_SCOPE,mne.io.read_raw_brainvision,"{""sample_count_preserved"": true, ""sampling_rate_preserved"": true, ""channel_names_preserved"": true, ""annotations_preserved"": true, ""checkerboard_event_code_preserved"": true, ""all_preserved"": true}",576923270d61cf1b870e1dfaa0679b26b68ed3f18d96e48631fae81912411178,3618306444b7950e3a4d7f18e14c8e8feb5394401b40e8cadabfca664872eddd,961198979522a87b6673e800ba8c76cc44279f95703b4edd9c1f4b9d9206ec43,450240,450.24,1000.0,INT_16,1|2|3|4|5|6|7|8|9|10|11,µV|µV|µV|µV|µV|µV|µV|µV|µV|µV|µV,0.1|0.1|0.1|0.1|0.1|0.1|0.1|0.1|0.1|0.1|0.1,68,34216d4331f7851dd76c5f36db3433544da45b843e3827df4d133ecace6d253d,34216d4331f7851dd76c5f36db3433544da45b843e3827df4d133ecace6d253d,S  7,60,3,20|20|20,0.603,0.568,0.654,1.658374792703151,0.030416589529338275
RV-CE9FD740,SESSION_01,UNRESOLVED,VERIFIED,IN_SCOPE,mne.io.read_raw_brainvision,"{""sample_count_preserved"": true, ""sampling_rate_preserved"": true, ""channel_names_preserved"": true, ""annotations_preserved"": true, ""checkerboard_event_code_preserved"": true, ""all_preserved"": true}",b5d67db7dff8ec4fd6919ec2b0684ba71f7f660e429d3aaf9b8b60d7b10ef186,a63e20c30a2401afdaee0c4cce1516c259802b9abb2a99729ce44def8600c385,ca931d791b7f71b9ba11a59a05a3f9b56f99cbe7298a5b87693e6bcedfd9b217,436940,436.94,1000.0,INT_16,1|2|3|4|5|6|7|8|9|10|11,µV|µV|µV|µV|µV|µV|µV|µV|µV|µV|µV,0.1|0.1|0.1|0.1|0.1|0.1|0.1|0.1|0.1|0.1|0.1,68,347aabbfc35027adc925b039b313b234b6a8e6c5c26cfcc4fef3f35fb374c4e0,347aabbfc35027adc925b039b313b234b6a8e6c5c26cfcc4fef3f35fb374c4e0,S  7,60,3,20|20|20,0.607,0.559,0.639,1.6474464579901154,0.029592946686105345
RV-ADC21BEA,SESSION_01,UNRESOLVED,VERIFIED,IN_SCOPE,mne.io.read_raw_brainvision,"{""sample_count_preserved"": true, ""sampling_rate_preserved"": true, ""channel_names_preserved"": true, ""annotations_preserved"": true, ""checkerboard_event_code_preserved"": true, ""all_preserved"": true}",d3d589823167078e53b5d0c525a145a6302b1b0bd5aa5a40920609e7cd05ef66,33bd39c86308668b0e626c17b86d7cc827bfe980028572d8c96922ae2c15a56b,15af9263c39c90fe055bfe0190382751fb96ff5c9c15dc978f16266840f00257,542540,542.54,1000.0,INT_16,1|2|3|4|5|6|7|8|9|10|11,µV|µV|µV|µV|µV|µV|µV|µV|µV|µV|µV,0.1|0.1|0.1|0.1|0.1|0.1|0.1|0.1|0.1|0.1|0.1,53,866b5296b05dcac531d9620f74d413fea92bbd7b37018ce6479c0b23ba25fbee,866b5296b05dcac531d9620f74d413fea92bbd7b37018ce6479c0b23ba25fbee,S  7,40,2,20|20,0.562,0.55,0.568,1.779359430604982,0.010019516004606911
RV-B62EBD38,SESSION_01,UNRESOLVED,VERIFIED,IN_SCOPE,mne.io.read_raw_brainvision,"{""sample_count_preserved"": true, ""sampling_rate_preserved"": true, ""channel_names_preserved"": true, ""annotations_preserved"": true, ""checkerboard_event_code_preserved"": true, ""all_preserved"": true}",6aa7c66dbe3f6e2e97415f8da84e5df85413d89328a3c7287a3b23ca4693a474,02e36be492109db5844a656cb9c140e37cf7ab4dee21cc52ce29eb02bdbd4bee,d3cd457e7a4c5528a311fbe62459833f19430e74ab9a7ec166485005d7072318,395160,395.16,1000.0,INT_16,1|2|3|4|5|6|7|8|9|10|11,µV|µV|µV|µV|µV|µV|µV|µV|µV|µV|µV,0.1|0.1|0.1|0.1|0.1|0.1|0.1|0.1|0.1|0.1|0.1,50,6de61bdbcfd0db87566f4c9e67459a82a33cd2e11a8ba8ae98ce60699ae62af1,6de61bdbcfd0db87566f4c9e67459a82a33cd2e11a8ba8ae98ce60699ae62af1,S  7,40,2,20|20,0.559,0.551,0.571,1.7889087656529514,0.00961374819162592
RV-1C558758,SESSION_01,UNRESOLVED,VERIFIED,IN_SCOPE,mne.io.read_raw_brainvision,"{""sample_count_preserved"": true, ""sampling_rate_preserved"": true, ""channel_names_preserved"": true, ""annotations_preserved"": true, ""checkerboard_event_code_preserved"": true, ""all_preserved"": true}",7f4769ccaa3a0358987b00bdc4861790320171e5d0348832dcce1f6f5a71b95a,9a4ae3597f44a562e09882dab3bcdad8d324cfe020508dddd5af894a356bc3a7,115221bc28f1ff8ec0afe972bc836f3e5df7d1b0024e4636e5acae0b3bd78f8f,756080,756.08,1000.0,INT_16,1|2|3|4|5|6|7|8|9|10|11,µV|µV|µV|µV|µV|µV|µV|µV|µV|µV|µV,0.1|0.1|0.1|0.1|0.1|0.1|0.1|0.1|0.1|0.1|0.1,78,2fd1e6fc8eb9949a7ef03564af23eb85f83e5f5d06b155ca5a8e84ec56b5086a,2fd1e6fc8eb9949a7ef03564af23eb85f83e5f5d06b155ca5a8e84ec56b5086a,S  7,60,3,20|20|20,0.611,0.579,0.665,1.6366612111292962,0.026631783118568522
RV-CD1843EC,SESSION_01,UNRESOLVED,UNRESOLVED,INTEGRITY_ONLY,mne.io.read_raw_brainvision,"{""sample_count_preserved"": true, ""sampling_rate_preserved"": true, ""channel_names_preserved"": true, ""annotations_preserved"": true, ""checkerboard_event_code_preserved"": true, ""all_preserved"": true}",4c31b3e32639b4bd5f13f94d1ed3fd9a8d7fb85429a122a817d77da167863a59,0d8425ff853e7aeea6e8283ec4f2ce0e16deeaa73bbbf94db80b616fe5600b84,1f45780ca5fce0f3f2f53731a93c53e75f86af03c8c5b2a7e357a5ad47dc9ef9,467040,467.04,1000.0,INT_16,1|2|3|4|5|6|7|8|9,µV|µV|µV|µV|µV|µV|µV|µV|µV,0.1|0.1|0.1|0.1|0.1|0.1|0.1|0.1|0.1,48,ce547538f62084ffe285d7f3090fd44b8062f98c77fa0082da8518536b25e2cb,ce547538f62084ffe285d7f3090fd44b8062f98c77fa0082da8518536b25e2cb,S  7,40,2,20|20,0.562,0.551,0.572,1.779359430604982,0.009781356749800749
RV-B1F39AFA,SESSION_01,UNRESOLVED,UNRESOLVED,INTEGRITY_ONLY,mne.io.read_raw_brainvision,"{""sample_count_preserved"": true, ""sampling_rate_preserved"": true, ""channel_names_preserved"": true, ""annotations_preserved"": true, ""checkerboard_event_code_preserved"": true, ""all_preserved"": true}",18b6539dd232fea3c38b5fcf97194059e24f0bac9dc93ab20418bdb944f9285b,486d349b38b79bf1cc4e1e07e2ea024cf5a6313514617a171940511a6440d20e,27bd337c6c6c78f08df7c453c4fd9fdabffdd1cd81ed4808a2b5591e588a02ba,439200,439.2,1000.0,INT_16,1|2|3|4|5|6|7|8|9,µV|µV|µV|µV|µV|µV|µV|µV|µV,0.1|0.1|0.1|0.1|0.1|0.1|0.1|0.1|0.1,48,077701eb99d87ce47ec7a2c9fdd568fcc6fa03f35d26f4033f58ee18b0910383,077701eb99d87ce47ec7a2c9fdd568fcc6fa03f35d26f4033f58ee18b0910383,S  7,40,2,20|20,0.5625,0.55,0.585,1.7777777777777777,0.013002930717527816
RV-B53EE12C,SESSION_01,UNRESOLVED,VERIFIED,IN_SCOPE,mne.io.read_raw_brainvision,"{""sample_count_preserved"": true, ""sampling_rate_preserved"": true, ""channel_names_preserved"": true, ""annotations_preserved"": true, ""checkerboard_event_code_preserved"": true, ""all_preserved"": true}",44ff77e4aeb9275e178f0d0bac3e0829cbeb29ef1d70bb4c230edd7596456669,a71a9fd6ffa4c30cc246a713e4729652f63feb911be66fe69cada552dcfec759,1a73812a2d49b074b94275cf3c2423923c3859c0dfd78554afd9edfdcad8895a,373300,373.3,1000.0,INT_16,1|2|3|4|5|6|7|8|9|10|11,µV|µV|µV|µV|µV|µV|µV|µV|µV|µV|µV,0.1|0.1|0.1|0.1|0.1|0.1|0.1|0.1|0.1|0.1|0.1,69,26225ccaa1be8e7fe3c990b16054ba21d725f2f56f0f0c4a963c6d3b613ec478,26225ccaa1be8e7fe3c990b16054ba21d725f2f56f0f0c4a963c6d3b613ec478,S  7,60,3,20|20|20,0.612,0.576,0.669,1.6339869281045751,0.02739631992412858
RV-518AA7A3,SESSION_01,UNRESOLVED,VERIFIED,IN_SCOPE,mne.io.read_raw_brainvision,"{""sample_count_preserved"": true, ""sampling_rate_preserved"": true, ""channel_names_preserved"": true, ""annotations_preserved"": true, ""checkerboard_event_code_preserved"": true, ""all_preserved"": true}",bddb780a0c31f39001a2c44e6ce0242e6fff991a129cc611b7d07890bf979135,edcf26efef0ecc5431442056c250478d37a9eb6549fe4880fe09d9a25fdbbf6f,905253605dfe33f09ce429ba2a1cff956978db703ec57ee3cd6d4f247719dc8e,479400,479.4,1000.0,INT_16,1|2|3|4|5|6|7|8|9|10|11,µV|µV|µV|µV|µV|µV|µV|µV|µV|µV|µV,0.1|0.1|0.1|0.1|0.1|0.1|0.1|0.1|0.1|0.1|0.1,68,932c3b8a53fc1748e712da43a12773b29c7dc20ec516fb89d31138bfe1d86517,932c3b8a53fc1748e712da43a12773b29c7dc20ec516fb89d31138bfe1d86517,S  7,60,3,20|20|20,0.603,0.568,0.646,1.658374792703151,0.029213848281668335
